url,geo,county,service,s1_volume,s2_gsc,s3_ads,s4_competitors,s5_jobs,signals,decision,evidence
/locations/auburn/,auburn,androscoggin,,not pulled,no access,none,Y (GreenShield+PineState+BigBlueBug),"whole-home rodent job, garage door seals replaced — confirmed 2026-09-28",2,PAGE,S4 competitor coverage + S5 confirmed job. Page carries M1 substance with the job named on it.
/locations/durham/,durham,androscoggin,,not pulled,no access,none,Y (GreenShield+PineState),none on record,1,PENDING,S4 measured 2026-09-22 from competitor sitemaps; ME-ambiguous multi-state hits excluded
/locations/greene/,greene,androscoggin,,not pulled,no access,none,N (GreenShield),client names this a priority town; job example TO PROVIDE,0,DECLINE,Priority town per the client (28 Sep 2026). Publishes when a job example for this town is supplied — the client asked that unsubstantiated town claims not be published.
/locations/lewiston/,lewiston,androscoggin,,not pulled,no access,none,Y (GreenShield+PineState+BigBlueBug),carpenter ant job — confirmed by the client 2026-09-28,2,PAGE,S4 competitor coverage + S5 confirmed job. Page carries M1 substance with the job named on it.
/locations/lisbon/,lisbon,androscoggin,,not pulled,no access,none,Y (GreenShield+PineState),none on record,1,PENDING,S4 measured 2026-09-22 from competitor sitemaps; ME-ambiguous multi-state hits excluded
/locations/lisbon-falls/,lisbon-falls,androscoggin,,not pulled,no access,none,N (GreenShield),none on record,0,DECLINE,S4 measured 2026-09-22 from competitor sitemaps; ME-ambiguous multi-state hits excluded
/locations/mechanic-falls/,mechanic-falls,androscoggin,,not pulled,no access,none,Y (GreenShield+PineState),none on record,1,PENDING,S4 measured 2026-09-22 from competitor sitemaps; ME-ambiguous multi-state hits excluded
/locations/minot/,minot,androscoggin,,not pulled,no access,none,Y (GreenShield+PineState),none on record,1,PENDING,S4 measured 2026-09-22 from competitor sitemaps; ME-ambiguous multi-state hits excluded
/locations/poland/,poland,androscoggin,,not pulled,no access,none,Y (GreenShield+PineState),client names this a priority town; job example TO PROVIDE,1,PENDING,Priority town per the client (28 Sep 2026). Publishes when a job example for this town is supplied — the client asked that unsubstantiated town claims not be published.
/locations/sabattus/,sabattus,androscoggin,,not pulled,no access,none,Y (GreenShield+PineState),none on record,1,PENDING,S4 measured 2026-09-22 from competitor sitemaps; ME-ambiguous multi-state hits excluded
/locations/turner/,turner,androscoggin,,not pulled,no access,none,Y (GreenShield+PineState),none on record,1,PENDING,S4 measured 2026-09-22 from competitor sitemaps; ME-ambiguous multi-state hits excluded
/locations/baldwin/,baldwin,cumberland,,not pulled,no access,none,N (GreenShield),none on record,0,DECLINE,S4 measured 2026-09-22 from competitor sitemaps; ME-ambiguous multi-state hits excluded
/locations/cape-elizabeth/,cape-elizabeth,cumberland,,not pulled,no access,none,Y (GreenShield+PineState),none on record,1,PENDING,S4 measured 2026-09-22 from competitor sitemaps; ME-ambiguous multi-state hits excluded
/locations/casco/,casco,cumberland,,not pulled,no access,none,Y (GreenShield+PineState),none on record,1,PENDING,S4 measured 2026-09-22 from competitor sitemaps; ME-ambiguous multi-state hits excluded
/locations/cumberland/,cumberland,cumberland,,not pulled,no access,none,Y (GreenShield+PineState+BigBlueBug+ModernPest),none on record,1,PENDING,S4 measured 2026-09-22 from competitor sitemaps; ME-ambiguous multi-state hits excluded
/locations/falmouth/,falmouth,cumberland,,not pulled,no access,none,Y (GreenShield+PineState),none on record,1,PENDING,S4 measured 2026-09-22 from competitor sitemaps; ME-ambiguous multi-state hits excluded
/locations/gorham/,gorham,cumberland,,not pulled,no access,none,Y (GreenShield+PineState+BigBlueBug),none on record,1,PENDING,S4 measured 2026-09-22 from competitor sitemaps; ME-ambiguous multi-state hits excluded
/locations/gray/,gray,cumberland,,not pulled,no access,none,Y (GreenShield+PineState+ModernPest),none on record,1,PENDING,S4 measured 2026-09-22 from competitor sitemaps; ME-ambiguous multi-state hits excluded
/locations/harpswell/,harpswell,cumberland,,not pulled,no access,none,N (GreenShield),none on record,0,DECLINE,S4 measured 2026-09-22 from competitor sitemaps; ME-ambiguous multi-state hits excluded
/locations/naples/,naples,cumberland,,not pulled,no access,none,Y (GreenShield+PineState),none on record,1,PENDING,S4 measured 2026-09-22 from competitor sitemaps; ME-ambiguous multi-state hits excluded
/locations/new-gloucester/,new-gloucester,cumberland,,not pulled,no access,none,Y (GreenShield+PineState),none on record,1,PENDING,S4 measured 2026-09-22 from competitor sitemaps; ME-ambiguous multi-state hits excluded
/locations/north-yarmouth/,north-yarmouth,cumberland,,not pulled,no access,none,Y (GreenShield+PineState),none on record,1,PENDING,S4 measured 2026-09-22 from competitor sitemaps; ME-ambiguous multi-state hits excluded
/locations/portland/,portland,cumberland,,not pulled,no access,none,Y (GreenShield+PineState+BigBlueBug+ModernPest),bed bug job and a carpet beetle job — confirmed 2026-09-28,2,PAGE,S4 competitor coverage + S5 confirmed job. Page carries M1 substance with the job named on it.
/locations/raymond/,raymond,cumberland,,not pulled,no access,none,N (GreenShield),none on record,0,DECLINE,S4 measured 2026-09-22 from competitor sitemaps; ME-ambiguous multi-state hits excluded
/locations/scarborough/,scarborough,cumberland,,not pulled,no access,none,Y (GreenShield+PineState),none on record,1,PENDING,S4 measured 2026-09-22 from competitor sitemaps; ME-ambiguous multi-state hits excluded
/locations/south-portland/,south-portland,cumberland,,not pulled,no access,none,Y (GreenShield+PineState+BigBlueBug),none on record,1,PENDING,S4 measured 2026-09-22 from competitor sitemaps; ME-ambiguous multi-state hits excluded
/locations/standish/,standish,cumberland,,not pulled,no access,none,Y (GreenShield+PineState),none on record,1,PENDING,S4 measured 2026-09-22 from competitor sitemaps; ME-ambiguous multi-state hits excluded
/locations/westbrook/,westbrook,cumberland,,not pulled,no access,none,Y (GreenShield+PineState),none on record,1,PENDING,S4 measured 2026-09-22 from competitor sitemaps; ME-ambiguous multi-state hits excluded
/locations/windham/,windham,cumberland,,not pulled,no access,none,Y (GreenShield+PineState+BigBlueBug),none on record,1,PENDING,S4 measured 2026-09-22 from competitor sitemaps; ME-ambiguous multi-state hits excluded
/locations/yarmouth/,yarmouth,cumberland,,not pulled,no access,none,Y (GreenShield+PineState),none on record,1,PENDING,S4 measured 2026-09-22 from competitor sitemaps; ME-ambiguous multi-state hits excluded
/locations/avon/,avon,franklin,,not pulled,no access,none,N (none),none on record,0,DECLINE,S4 measured 2026-09-22 from competitor sitemaps; ME-ambiguous multi-state hits excluded
/locations/chesterville/,chesterville,franklin,,not pulled,no access,none,N (none),none on record,0,DECLINE,S4 measured 2026-09-22 from competitor sitemaps; ME-ambiguous multi-state hits excluded
/locations/farmington/,farmington,franklin,,not pulled,no access,none,Y (GreenShield+ModernPest),none on record,1,PENDING,S4 measured 2026-09-22 from competitor sitemaps; ME-ambiguous multi-state hits excluded
/locations/industry/,industry,franklin,,not pulled,no access,none,N (none),none on record,0,DECLINE,S4 measured 2026-09-22 from competitor sitemaps; ME-ambiguous multi-state hits excluded
/locations/jay/,jay,franklin,,not pulled,no access,none,N (none),none on record,0,DECLINE,S4 measured 2026-09-22 from competitor sitemaps; ME-ambiguous multi-state hits excluded
/locations/livermore-falls/,livermore-falls,franklin,,not pulled,no access,none,N (GreenShield),none on record,0,DECLINE,S4 measured 2026-09-22 from competitor sitemaps; ME-ambiguous multi-state hits excluded
/locations/new-sharon/,new-sharon,franklin,,not pulled,no access,none,N (none),none on record,0,DECLINE,S4 measured 2026-09-22 from competitor sitemaps; ME-ambiguous multi-state hits excluded
/locations/temple/,temple,franklin,,not pulled,no access,none,N (none),none on record,0,DECLINE,S4 measured 2026-09-22 from competitor sitemaps; ME-ambiguous multi-state hits excluded
/locations/wilton/,wilton,franklin,,not pulled,no access,none,N (none),none on record,0,DECLINE,S4 measured 2026-09-22 from competitor sitemaps; ME-ambiguous multi-state hits excluded
/locations/augusta/,augusta,kennebec,,not pulled,no access,none,Y (GreenShield+PineState+BigBlueBug+ModernPest),rats burrowing under a trailer — confirmed 2026-09-28,2,PAGE,S4 competitor coverage + S5 confirmed job. Page carries M1 substance with the job named on it.
/locations/belgrade/,belgrade,kennebec,,not pulled,no access,none,Y (GreenShield+PineState),none on record,1,PENDING,S4 measured 2026-09-22 from competitor sitemaps; ME-ambiguous multi-state hits excluded
/locations/chelsea/,chelsea,kennebec,,not pulled,no access,none,Y (GreenShield+PineState),none on record,1,PENDING,S4 measured 2026-09-22 from competitor sitemaps; ME-ambiguous multi-state hits excluded
/locations/farmingdale/,farmingdale,kennebec,,not pulled,no access,none,N (GreenShield),none on record,0,DECLINE,S4 measured 2026-09-22 from competitor sitemaps; ME-ambiguous multi-state hits excluded
/locations/gardiner/,gardiner,kennebec,,not pulled,no access,none,Y (GreenShield+PineState),none on record,1,PENDING,S4 measured 2026-09-22 from competitor sitemaps; ME-ambiguous multi-state hits excluded
/locations/hallowell/,hallowell,kennebec,,not pulled,no access,none,Y (GreenShield+PineState),none on record,1,PENDING,S4 measured 2026-09-22 from competitor sitemaps; ME-ambiguous multi-state hits excluded
/locations/litchfield/,litchfield,kennebec,,not pulled,no access,none,Y (GreenShield+PineState),none on record,1,PENDING,S4 measured 2026-09-22 from competitor sitemaps; ME-ambiguous multi-state hits excluded
/locations/manchester/,manchester,kennebec,,not pulled,no access,none,N (GreenShield),none on record,0,DECLINE,S4 measured 2026-09-22 from competitor sitemaps; ME-ambiguous multi-state hits excluded
/locations/monmouth/,monmouth,kennebec,,not pulled,no access,none,N (GreenShield),none on record,0,DECLINE,S4 measured 2026-09-22 from competitor sitemaps; ME-ambiguous multi-state hits excluded
/locations/mount-vernon/,mount-vernon,kennebec,,not pulled,no access,none,N (GreenShield),none on record,0,DECLINE,S4 measured 2026-09-22 from competitor sitemaps; ME-ambiguous multi-state hits excluded
/locations/randolph/,randolph,kennebec,,not pulled,no access,none,N (GreenShield),none on record,0,DECLINE,S4 measured 2026-09-22 from competitor sitemaps; ME-ambiguous multi-state hits excluded
/locations/readfield/,readfield,kennebec,,not pulled,no access,none,N (GreenShield),none on record,0,DECLINE,S4 measured 2026-09-22 from competitor sitemaps; ME-ambiguous multi-state hits excluded
/locations/sidney/,sidney,kennebec,,not pulled,no access,none,N (GreenShield),none on record,0,DECLINE,S4 measured 2026-09-22 from competitor sitemaps; ME-ambiguous multi-state hits excluded
/locations/vassalboro/,vassalboro,kennebec,,not pulled,no access,none,N (GreenShield),none on record,0,DECLINE,S4 measured 2026-09-22 from competitor sitemaps; ME-ambiguous multi-state hits excluded
/locations/waterville/,waterville,kennebec,,not pulled,no access,none,Y (GreenShield+PineState),multi-unit bed bug job for a property manager — confirmed 2026-09-28,2,PAGE,S4 competitor coverage + S5 confirmed job. Page carries M1 substance with the job named on it.
/locations/west-gardiner/,west-gardiner,kennebec,,not pulled,no access,none,N (GreenShield),none on record,0,DECLINE,S4 measured 2026-09-22 from competitor sitemaps; ME-ambiguous multi-state hits excluded
/locations/winthrop/,winthrop,kennebec,,not pulled,no access,none,N (GreenShield),none on record,0,DECLINE,S4 measured 2026-09-22 from competitor sitemaps; ME-ambiguous multi-state hits excluded
/locations/winslow/,winslow,kennebec,,not pulled,no access,none,N (GreenShield),none on record,0,DECLINE,S4 measured 2026-09-22 from competitor sitemaps; ME-ambiguous multi-state hits excluded
/locations/andover/,andover,oxford,,not pulled,no access,none,N (none),none on record,0,DECLINE,S4 measured 2026-09-22 from competitor sitemaps; ME-ambiguous multi-state hits excluded
/locations/bethel/,bethel,oxford,,not pulled,no access,none,N (none),property treated in the Bethel area — confirmed by the client 2026-09-24,1,PENDING,S5 confirmed job history only; no competitor coverage. Needs a second signal (keyword volume or Search Console) before publishing.
/locations/dixfield/,dixfield,oxford,,not pulled,no access,none,N (none),none on record,0,DECLINE,S4 measured 2026-09-22 from competitor sitemaps; ME-ambiguous multi-state hits excluded
/locations/fryeburg/,fryeburg,oxford,,not pulled,no access,none,N (none),none on record,0,DECLINE,S4 measured 2026-09-22 from competitor sitemaps; ME-ambiguous multi-state hits excluded
/locations/greenwood/,greenwood,oxford,,not pulled,no access,none,N (none),none on record,0,DECLINE,S4 measured 2026-09-22 from competitor sitemaps; ME-ambiguous multi-state hits excluded
/locations/hartford/,hartford,oxford,,not pulled,no access,none,N (none),none on record,0,DECLINE,S4 measured 2026-09-22 from competitor sitemaps; ME-ambiguous multi-state hits excluded
/locations/mexico/,mexico,oxford,,not pulled,no access,none,N (none),none on record,0,DECLINE,S4 measured 2026-09-22 from competitor sitemaps; ME-ambiguous multi-state hits excluded
/locations/norway/,norway,oxford,,not pulled,no access,none,Y (GreenShield+PineState),none on record,1,PENDING,S4 measured 2026-09-22 from competitor sitemaps; ME-ambiguous multi-state hits excluded
/locations/oxford/,oxford,oxford,,not pulled,no access,none,Y (GreenShield+PineState),home serviced in Oxford — confirmed by the client 2026-09-24,2,PAGE,S4 competitor coverage + S5 confirmed job history. Authorised 2026-09-24; page carries M1 substance.
/locations/paris/,paris,oxford,,not pulled,no access,none,N (PineState),none on record,0,DECLINE,S4 measured 2026-09-22 from competitor sitemaps; ME-ambiguous multi-state hits excluded
/locations/south-paris/,south-paris,oxford,,not pulled,no access,none,N (none),none on record,0,DECLINE,S4 measured 2026-09-22 from competitor sitemaps; ME-ambiguous multi-state hits excluded
/locations/peru/,peru,oxford,,not pulled,no access,none,N (none),none on record,0,DECLINE,S4 measured 2026-09-22 from competitor sitemaps; ME-ambiguous multi-state hits excluded
/locations/rumford/,rumford,oxford,,not pulled,no access,none,N (none),none on record,0,DECLINE,S4 measured 2026-09-22 from competitor sitemaps; ME-ambiguous multi-state hits excluded
/locations/sumner/,sumner,oxford,,not pulled,no access,none,N (none),none on record,0,DECLINE,S4 measured 2026-09-22 from competitor sitemaps; ME-ambiguous multi-state hits excluded
/locations/waterford/,waterford,oxford,,not pulled,no access,none,N (none),none on record,0,DECLINE,S4 measured 2026-09-22 from competitor sitemaps; ME-ambiguous multi-state hits excluded
/locations/west-paris/,west-paris,oxford,,not pulled,no access,none,N (none),none on record,0,DECLINE,S4 measured 2026-09-22 from competitor sitemaps; ME-ambiguous multi-state hits excluded
/locations/woodstock/,woodstock,oxford,,not pulled,no access,none,N (none),none on record,0,DECLINE,S4 measured 2026-09-22 from competitor sitemaps; ME-ambiguous multi-state hits excluded
/locations/arrowsic/,arrowsic,sagadahoc,,not pulled,no access,none,N (GreenShield),none on record,0,DECLINE,S4 measured 2026-09-22 from competitor sitemaps; ME-ambiguous multi-state hits excluded
/locations/bath/,bath,sagadahoc,,not pulled,no access,none,Y (GreenShield+PineState),"ants and mice at a newly purchased home, Bath — confirmed by the client 2026-09-24",2,PAGE,S4 competitor coverage + S5 confirmed job history. Authorised 2026-09-24; page carries M1 substance.
/locations/bowdoin/,bowdoin,sagadahoc,,not pulled,no access,none,Y (GreenShield+PineState),none on record,1,PENDING,S4 measured 2026-09-22 from competitor sitemaps; ME-ambiguous multi-state hits excluded
/locations/bowdoinham/,bowdoinham,sagadahoc,,not pulled,no access,none,Y (GreenShield+PineState),none on record,1,PENDING,S4 measured 2026-09-22 from competitor sitemaps; ME-ambiguous multi-state hits excluded
/locations/phippsburg/,phippsburg,sagadahoc,,not pulled,no access,none,N (GreenShield),none on record,0,DECLINE,S4 measured 2026-09-22 from competitor sitemaps; ME-ambiguous multi-state hits excluded
/locations/topsham/,topsham,sagadahoc,,not pulled,no access,none,Y (GreenShield+PineState),none on record,1,PENDING,S4 measured 2026-09-22 from competitor sitemaps; ME-ambiguous multi-state hits excluded
/locations/west-bath/,west-bath,sagadahoc,,not pulled,no access,none,N (GreenShield),none on record,0,DECLINE,S4 measured 2026-09-22 from competitor sitemaps; ME-ambiguous multi-state hits excluded
/locations/woolwich/,woolwich,sagadahoc,,not pulled,no access,none,Y (GreenShield+PineState),none on record,1,PENDING,S4 measured 2026-09-22 from competitor sitemaps; ME-ambiguous multi-state hits excluded
/locations/alfred/,alfred,york,,not pulled,no access,none,N (GreenShield),none on record,0,DECLINE,S4 measured 2026-09-22 from competitor sitemaps; ME-ambiguous multi-state hits excluded
/locations/arundel/,arundel,york,,not pulled,no access,none,N (GreenShield),none on record,0,DECLINE,S4 measured 2026-09-22 from competitor sitemaps; ME-ambiguous multi-state hits excluded
/locations/berwick/,berwick,york,,not pulled,no access,none,N (GreenShield),none on record,0,DECLINE,S4 measured 2026-09-22 from competitor sitemaps; ME-ambiguous multi-state hits excluded
/locations/biddeford/,biddeford,york,,not pulled,no access,none,N (GreenShield),client names this a priority town; job example TO PROVIDE,0,DECLINE,Priority town per the client (28 Sep 2026). Publishes when a job example for this town is supplied — the client asked that unsubstantiated town claims not be published.
/locations/kennebunk/,kennebunk,york,,not pulled,no access,none,N (GreenShield),client names this a priority town; job example TO PROVIDE,0,DECLINE,Priority town per the client (28 Sep 2026). Publishes when a job example for this town is supplied — the client asked that unsubstantiated town claims not be published.
/locations/kennebunkport/,kennebunkport,york,,not pulled,no access,none,N (GreenShield),client names this a priority town; job example TO PROVIDE,0,DECLINE,Priority town per the client (28 Sep 2026). Publishes when a job example for this town is supplied — the client asked that unsubstantiated town claims not be published.
/locations/kittery/,kittery,york,,not pulled,no access,none,N (GreenShield),none on record,0,DECLINE,S4 measured 2026-09-22 from competitor sitemaps; ME-ambiguous multi-state hits excluded
/locations/lebanon/,lebanon,york,,not pulled,no access,none,N (GreenShield),none on record,0,DECLINE,S4 measured 2026-09-22 from competitor sitemaps; ME-ambiguous multi-state hits excluded
/locations/lyman/,lyman,york,,not pulled,no access,none,N (GreenShield),none on record,0,DECLINE,S4 measured 2026-09-22 from competitor sitemaps; ME-ambiguous multi-state hits excluded
/locations/north-berwick/,north-berwick,york,,not pulled,no access,none,N (GreenShield),none on record,0,DECLINE,S4 measured 2026-09-22 from competitor sitemaps; ME-ambiguous multi-state hits excluded
/locations/ogunquit/,ogunquit,york,,not pulled,no access,none,N (GreenShield),none on record,0,DECLINE,S4 measured 2026-09-22 from competitor sitemaps; ME-ambiguous multi-state hits excluded
/locations/saco/,saco,york,,not pulled,no access,none,N (none),client names this a priority town; job example TO PROVIDE,0,DECLINE,Priority town per the client (28 Sep 2026). Publishes when a job example for this town is supplied — the client asked that unsubstantiated town claims not be published.
/locations/sanford/,sanford,york,,not pulled,no access,none,N (GreenShield),none on record,0,DECLINE,S4 measured 2026-09-22 from competitor sitemaps; ME-ambiguous multi-state hits excluded
/locations/shapleigh/,shapleigh,york,,not pulled,no access,none,N (GreenShield),none on record,0,DECLINE,S4 measured 2026-09-22 from competitor sitemaps; ME-ambiguous multi-state hits excluded
/locations/south-berwick/,south-berwick,york,,not pulled,no access,none,N (GreenShield),none on record,0,DECLINE,S4 measured 2026-09-22 from competitor sitemaps; ME-ambiguous multi-state hits excluded
/locations/waterboro/,waterboro,york,,not pulled,no access,none,N (GreenShield),none on record,0,DECLINE,S4 measured 2026-09-22 from competitor sitemaps; ME-ambiguous multi-state hits excluded
/locations/wells/,wells,york,,not pulled,no access,none,N (GreenShield),none on record,0,DECLINE,S4 measured 2026-09-22 from competitor sitemaps; ME-ambiguous multi-state hits excluded
/locations/york/,york,york,,not pulled,no access,none,N (GreenShield),none on record,0,DECLINE,S4 measured 2026-09-22 from competitor sitemaps; ME-ambiguous multi-state hits excluded
/service-area/androscoggin-county/,androscoggin-county,androscoggin,,not pulled,no access,none,Y (county-level coverage by GreenShield + PineState),confirmed jobs: Lewiston and Auburn,2,PAGE,"county hub; S4 + S5 (confirmed jobs: Lewiston and Auburn); hub written 2 Oct 2026 to the M1 substance gate (src/content/county/androscoggin.md) — published"
/service-area/cumberland-county/,cumberland-county,cumberland,,not pulled,no access,none,Y (county-level coverage by GreenShield + PineState),confirmed jobs: Portland,2,PAGE,"county hub; S4 + S5 (confirmed jobs: Portland); hub written 2 Oct 2026 to the M1 substance gate (src/content/county/cumberland.md) — published"
/service-area/franklin-county/,franklin-county,franklin,,not pulled,no access,none,Y (county-level coverage by GreenShield + PineState),none on record,1,PENDING,county hub; publishes when a first-party job in that county is supplied
/service-area/kennebec-county/,kennebec-county,kennebec,,not pulled,no access,none,Y (county-level coverage by GreenShield + PineState),confirmed jobs: Augusta and Waterville,2,PAGE,"county hub; S4 + S5 (confirmed jobs: Augusta and Waterville); hub written 2 Oct 2026 to the M1 substance gate (src/content/county/kennebec.md) — published"
/service-area/oxford-county/,oxford-county,oxford,,not pulled,no access,none,Y (county-level coverage by GreenShield + PineState),confirmed jobs: Oxford,2,PAGE,"county hub; S4 + S5 (confirmed jobs: Oxford); hub written 2 Oct 2026 to the M1 substance gate (src/content/county/oxford.md) — published"
/service-area/sagadahoc-county/,sagadahoc-county,sagadahoc,,not pulled,no access,none,Y (county-level coverage by GreenShield + PineState),confirmed jobs: Bath,2,PAGE,"county hub; S4 + S5 (confirmed jobs: Bath); hub written 2 Oct 2026 to the M1 substance gate (src/content/county/sagadahoc.md) — published"
/service-area/york-county/,york-county,york,,not pulled,no access,none,Y (county-level coverage by GreenShield + PineState),none on record,1,PENDING,county hub; publishes when a first-party job in that county is supplied
/locations/leeds/,leeds,androscoggin,,not pulled,no access,none,N (none),client names this a priority town; job example TO PROVIDE,0,DECLINE,"Added 2026-09-28 from the client priority list. No competitor coverage and no job example yet, so no route is built."
